Fggcheerio@aol.com
<as3-archive@sdss3.org> <as3-archive@sdss3.org>
<des-dmusers@fnal.gov> <DES-DMUSERS@fnal.gov>
4177730803@vzwpix.com
Aaron Chou <ac2604@nyu.edu>
Aaron Roodman <roodman@slac.stanford.edu>
AAS Production <aasproduction@iop.org>
Abe Seiden <aseiden@ucsc.edu>
Abhijith Rajan <abhijithrajan@asu.edu>
acalder@mail.astro.sunysb.edu
Adam Amara <adam.amara@phys.ethz.ch>
Adam Bolton <bolton@astro.utah.edu>
Adam Bolton <bolton@ifa.hawaii.edu>
Adam Feuer <adamf@pobox.com>
Adam Michael Burton <amb4da@cms.mail.virginia.edu>
Adam Myers <admyers@astro.illinois.edu>
Adam Myers <admyers@illinois.edu>
Adam Myers <geordiemyers@gmail.com>
Adam Pauls <adpauls@gmail.com>
Addison Tsai <addison.tsai@gmail.com>
Adi Zolotov <adizolotov@gmail.com>
Adi Zolotov <az481@nyu.edu>
Adrian Pope <pope@pha.jhu.edu>
Adrian Price-Whelan <adrianmpw@gmail.com>
Adrian Price-Whelan <apw235@nyu.edu>
Adrian Sulc <asulc@web.de>
Advances in Astronomy <aa@journals.hindawi.com>
ae@ras.org.uk
afenyes@umich.edu
Ahmed Gado <ahmed.gado@hindawi.com>
aj@iop.org
ajc2@pitt.edu
Alan Calder <acalder@scotty.ess.sunysb.edu>
Alan Hecker <evilscientist@gmail.com>
Alejandro D Quintero <adq200@nyu.edu>
Alex <alexji@mit.edu>
Alex Kim <agkim@lbl.gov>
Alex Parga <aparga@ncsa.uiuc.edu>
Alexander Gray <agray@cc.gatech.edu>
Alexandra Abate <alexandraabate@gmail.com>
Alexandra Tregubov <alxtreg@gmail.com>
Alexandra Tregubov <alxtreg@verizon.net>
Alexandre Refregier <alexandre.refregier@phys.ethz.ch>
Alexie Leauthaud <alexie.leauthaud@me.com>
Alexie Leauthaud <ASLeauthaud@lbl.gov>
alexw@bnl.gov
Alfredo Zenteno <zenteno2@uiuc.edu>
Alice R Diaz Bonhomme <ard2@nyu.edu>
Alison Coil <acoil@as.arizona.edu>
Alison Coil <acoil@ucsd.edu>
alissa_chackerian@yahoo.com
allison gibbins <evaann903@yahoo.ca>
Almond Joy <almondjoyjoy@gmail.com>
Alok Singhal <as8ca@virginia.edu>
Amanda Fenlong <cominv.bdaci@ripnet.com>
Amara Thiri Myaing <atmyaing@gmail.com>
amarjit soni <adlersoni@gmail.com>
Amarjit Soni <soni@quark.phy.bnl.gov>
amber@slac.stanford.edu Boehnlein <amber@slac.stanford.edu>
Ami Choi <amichoi@gmail.com>
Ami Choi <choi@roe.ac.uk>
amitov@max2.physics.sunysb.edu
Amy Kimball <akimball@nrao.edu>
Amy Kimball <kimball.amy.e@gmail.com>
Amy ROBINSON <alj831jla@hotmail.com>
Amy Shapiro <nutrisenseinc@gmail.com>
Amy Siwek <siweka@umich.edu>
Amy Tressan <tressan@wisc.edu>
AmyBPac@aol.com
an@ras.org.uk
Anand Sivaramakrishnan <anand@amnh.org>
Anastasiya G. <adgutnik@gmail.com>
andara@astro.columbia.edu
anderson <anderson@astro.washington.edu>
Andrea Petri <apetri@phys.columbia.edu>
Andreas <orbital@gmail.com>
Andreas Berlind <aberlind@cosmo.nyu.edu>
Andrei Gruzinov <ag92@nyu.edu>
Andrei Nomerotski <anomerotski@bnl.gov>
Andrés Alejandro Plazas M. <plazas@physics.upenn.edu>
Andres Alejandro Plazas Malagón <aplazas@bnl.gov>
Andrew A. West <aaw@mit.edu>
Andrew A. West <aawest@bu.edu>
Andrew Baker <ajb@astro.umd.edu>
Andrew Baker <ajbaker@physics.rutgers.edu>
Andrew Connolly <ajc@astro.washington.edu>
Andrew Connolly <ajc@google.com>
Andrew Connolly <ajc@tiamat.phyast.pitt.edu>
Andrew Fruchter <fruchter@stsci.edu>
Andrew Hearin <aphearin@fnal.gov>
Andrew MacFadyen <macfadyen@gmail.com>
Andrew MacFadyen <macfadyen@nyu.edu>
Andrew Schultze <aschultze@comcast.net>
Andrew Sonnenschein <andrew.sonnenschein@gmail.com>
Andrew Sonnenschein <sonnenschein@cfcp.uchicago.edu>
Andrew Sonnenschein <Sonnenschein@fnal.gov>
Andrew Sonnenschein <sonnensn@fnal.gov>
Andrew Zentner <zentner@cfcp.uchicago.edu>
Andrew Zentner <zentner@pitt.edu>
Andrey Kravtsov <andrey@oddjob.uchicago.edu>
Andy Connolly <ajc.atwork@gmail.com>
Andy Kettler <andykettler@mac.com>
Andy Lawrence at ROE <al@roe.ac.uk>
Andy Puckett <afawp1@uaa.alaska.edu>
Andy Puckett <puck@oddjob.uchicago.edu>
angel group <angelman-l@mailman.ucsd.edu>
Angelina Kim <angelinanyc@gmail.com>
Angelman Syndrome Foundation <info@angelman.org>
Ani Thakar <thakar@jhu.edu>
Ani Thakar <thakar@pha.jhu.edu>
Ani Thakar <thakar@skysrv.pha.jhu.edu>
Ankit Chandra <ankitc@ncsa.illinois.edu>
Ankit Chandra <ankitc@ncsa.uiuc.edu>
Anna Cabre <annanusca@gmail.com>
Anna Chally <acchally@hctc.com>
Anna Felton <annafelton@mac.com>
Anna Kathinka Dalland Evans <a.k.d.evans@astro.uio.no>
Anna Maria Bartolo <ambartolo@sympatico.ca>
Anna Sawyer <annafsawyer@gmail.com>
annamalya@yahoo.com
Annette Atanous <aatanous@hotmail.com>
Annie Barry <ab14@columbia.edu>
Antara Basu-Zych <antara@astro.columbia.edu>
Anthony Gonzales <anthony@astro.ufl.edu>
anthonybrathwaite@yahoo.com
Antonio David Montero Dorta <amdorta@iaa.es>
anu <niouxnioux@gmail.com>
Anze Slosar <anze@berkeley.edu>
Anze Slosar <anze@bnl.gov>
APJ Scientific Editor <apj@ociw.edu>
ApJ-MS70159@mss.uchicago.edu
apj-ms73116 <ApJ-MS73116@mss.uchicago.edu>
apj@mcmaster.ca
apj@pha.jhu.edu
arav@vt.edu
Ari Maller <amaller@citytech.cuny.edu>
ari.maller@gmail.com
ariel <arielsan@mpe.mpg.de>
Monique Armann <sarmann@bnl.gov>
Samuel Aronson <samaronson@bnl.gov>
Arthur Kosowsky <kosowsky@pitt.edu>
Arthur Kosowsky <kosowsky+@pitt.edu>
arun shyam <arun.shyam47@gmail.com>
ast_search@astro.indiana.edu
astfac <astfac@physics.nyu.edu>
astpd@physics.nyu.edu
astro-ph@arxiv.org
astro.apps@umich.edu
astro@mandeep.org
astrodata@physics.nyu.edu
astrophysicssearch@colby.edu
astropy list <astropy@scipy.net>
astropy mailing list <astropy@scipy.org>
astrosearch@hws.edu
astrosearch@nhn.ou.edu
astrosearch@wesleyan.edu
auditions@rccny.org
William Baltz <wbaltz@bnl.gov>
bankram@netzero.net
Kathleen Barkigia <barkigia@bnl.gov>
Barnaby Rowe <browe@caltech.edu>
barnesy00@yahoo.com
Barney Rowe <browe@star.ucl.ac.uk>
Louisa A Barone <lbarone@bnl.gov>
becker@darkstar.astro.washington.edu
Becky Stanek <rstanek@umich.edu>
Been Jammin' <beenjamminj@gmail.com>
begel@bnl.gov
Belinda Thom <belindatho@gmail.com>
Steven Bellavia <bellavia@bnl.gov>
Ben Dilday <bdilday@uchicago.edu>
Ben Hoyle <ben.hoyle@port.ac.uk>
Ben Koester <ben.koester@gmail.com>
Ben Koester <bkoester@uchicago.edu>
Ben Wandelt <benwandelt@googlemail.com>
Benjamin Koester <bkoester@oddjob.uchicago.edu>
Benjamin Wandelt <benwandelt@gmail.com>
Benjamin Wandelt <wandelt@iap.fr>
Benjamin Weaver <benjamin.weaver@nyu.edu>
Benjamin Weiner <bjw@as.arizona.edu>
benjamin.gregory.jones@gmail.com
berkeleylabguesthouse@berkeley.edu
Andreas A Berlind <a.berlind@vanderbilt.edu>
berlind@physics.nyu.edu
Bert Lybrand <bert@mdcresearch.com>
Beth Reid <bareid@lbl.gov>
Beth Reid <beth.ann.reid@gmail.com>
Beth Willman <beth.willman@gmail.com>
Beverly Farrell <farrellba@aol.com>
Bex Ames <bexcellence79@gmail.com>
Bex Ames <rebeca.ames@gmail.com>
bfrankbio@aol.com
bhuvjain@gmail.com
Bhuvnesh Jain <bjain@astro.upenn.edu>
Bhuvnesh Jain <bjain@physics.upenn.edu>
Bhuvnesh Jain <bjain@tarkus.pha.jhu.edu>
Biays Bowerman <bowerman@bnl.gov>
bigboss-targets@lists.lbl.gov
Bill Baxter <wbaxter@gmail.com>
Bill McGrath <wjmc@bnl.gov>
Bill Moran <wmoran@collaborativefusion.com>
Bill Sheldon <wtsheldon@gmail.com>
Binbin Zhang <bbzhang@psu.edu>
Noel Blackburn <blackburn@bnl.gov>
blacklist@bnl.gov
Eric B Blum <blum@bnl.gov>
bmd@pha.jhu.edu
BNL Astrophysics and Cosmology Group <astro-bnl-l@lists.bnl.gov>
Bob Armstrong <rearmstr@gmail.com>
Bob Nichol <bob.nichol@port.ac.uk>
Bob Nichol <nichol@ranger.phys.cmu.edu>
Bobby Chamberlain <rchambe2@illinois.edu>
Jennifer Bohon <jbohon@bnl.gov>
Bonnie Porteous <b_porteous@hotmail.com>
Boris Katz <bkatz1977@aol.com>
boss-gal-clustering <boss-gal-clustering@sdss3.org>
boss-gal-evolution <boss-gal-evolution@sdss3.org>
boss-imaging <boss-imaging@sdss3.org>
boss-lensing@sdss3.org
boss-lya <boss-lya@sdss3.org>
boss-pipeline <boss-pipeline@sdss3.org>
bossmtg2011oc@googlegroups.com
bpearson@stonybrook.edu
Brandon Kelly <bkelly@bllac.as.arizona.edu>
Brandon Wenerd <baw272@gmail.com>
breen@mit.edu
Brenda L Frye <brendafrye@gmail.com>
Brett Jackson <brett@imbrettjackson.com>
Brett Pearson <bpearson@ms.cc.sunysb.edu>
Brett Pearson <bpearson@umich.edu>
Brett Viren <bv@bnl.gov>
brian <bnord@umich.edu>
Brian Daly <brdaly@vassar.edu>
Brian Gerke <bgerke@berkeley.edu>
Brian Gerke <bgerke@slac.stanford.edu>
Brian Gerke <briangerke@gmail.com>
Brian Lee <blevlee@uw.edu>
Brian Lee <lee@astro.ufl.edu>
Brian Nord <brian.d.nord@gmail.com>
Brian Odom <odom@kicp.uchicago.edu>
Brian Rash <brash@bsd.uchicago.edu>
Brian Rash <brash@delphi.bsd.uchicago.edu>
Brian Wilhite <brian_wilhite@hotmail.com>
Brian Yanny <yanny@fnal.gov>
Brice Ménard <menard@cita.utoronto.ca>
Britt Lundgren <blundgr2@astro.illinois.edu>
britt.lundgren@yale.edu
Scott Bronson <sbronson@bnl.gov>
Bruce David Klein <bdklein@atlasmediacorp.com>
Bruce_Greenawalt <bgreen@fnal.gov>
bruce@kicp.uchicago.edu
Bruno Rossetto <rossetto@linea.gov.br>
bsheldon@swbell.net
David L. Burke <daveb@slac.stanford.edu>
bwandelt@uiuc.edu
cabre@ieec.uab.es
Caitlin Coffey <caitlin.a.coffey@gmail.com>
Caitlin Stephens <caitlinrstephens@gmail.com>
caius.howcroft@gmail.com
Cameron McBride <cameron.mcbride@vanderbilt.edu>
Cameron McBride <cameron@phyast.pitt.edu>
Cameron McBride <cmcbride@cfa.harvard.edu>
cameron. mcbride <cameron.mcbride@gmail.com>
campconcentration@googlegroups.com
Cantor Sergei Schwartz <sergei.schwartz@verizon.net>
Carin C <carinland@gmail.com>
Carlo Graziani <carlo@oddjob.uchicago.edu>
Carlos Cunha <carloscunha47@gmail.com>
Carol Scarlett <cscarlet@umich.edu>
Kelly Carroll <kcarroll@bnl.gov>
Cathy Petry <petry@email.arizona.edu>
Cathy Sheldon <casheldon@gmail.com>
Cathy Sheldon <Cathy.Sheldon@breezelaw.com>
Cathy Sheldon <cathys@greatlakes.net>
Cathy Sheldon <CathySheldon@breezelaw.com>
Cathy Sheldon <cathysheldon@landchoice.net>
Cathy Sheldon <csheldon9612@esagelink.com>
cblake@astro.princeton.edu
ccpp admin <ccppadmin@cosmo.nyu.edu>
Chad Kerner <ckerner@ncsa.uiuc.edu>
chair@phys.uvic.ca
Marjorie W Chaloupka <marcy@bnl.gov>
Ankit Chandra <achandr4@illinois.edu>
Chihway Chang <chihway@slac.stanford.edu>
chang@physics.nyu.edu
Charles Steinhardt <charles.steinhardt@ipmu.jp>
Charlie Conroy <cconroy@astro.princeton.edu>
CHEHADE B.T. <ben.chehade@durham.ac.uk>
cheops@cosmo.uchicago.edu
Ching Ching Cecilia Lo <cclo@uchicago.edu>
Chit Khin <ckhin@ncsa.uiuc.edu>
Chiu Mickey <chiu@bnl.gov>
Choong <cngeow@uiuc.edu>
Chris Davis <cpd@stanford.edu>
Chris Glavin <chris.glavin@k12academics.com>
Chris Hirata <chirata@tapir.caltech.edu>
Chris Hollowell <hollowec@bnl.gov>
Chris Lintott <cjl@astro.ox.ac.uk>
Chris Miller <chrism71@gmail.com>
Chris Miller <christoq@umich.edu>
Chris Miller <cmiller@noao.edu>
Chris Mullis <cmullis@umich.edu>
Chris Scullard <scullard@uchicago.edu>
Chris Stoughton <chris.stoughton@gmail.com>
Chris Stoughton <stoughto@fnal.gov>
chris@engineeringwafer.com
Christina M Ignarra <cmi220@nyu.edu>
Christine Waite <christine.waite@gmail.com>
Christine Waite <christinewaite@gmail.com>
Christoph Scheit <Christoph.Scheit@lstm.uni-erlangen.de>
Christopher Bonnett <c.bonnett@gmail.com>
Christopher Hanley <chanley@stsci.edu>
Christopher Hirata <chirata@ias.edu>
Christopher Morrison <cbmorrison@ucdavis.edu>
Christy Tremonti <christy.tremonti@googlemail.com>
Chuck Keeton <keeton@physics.rutgers.edu>
CJ Brody <tantrumcj@gmail.com>
Claudia Maraston <Claudia.Maraston@port.ac.uk>
Claudio Bruderer <claudio.bruderer@phys.ethz.ch>
Melanie Clegg <mclegg@carnegiehall.org>
clockinterest@10000yearclock.net
cmeini@fol.it
cngeow@illinois.edu
coco <sdss-coco@jiscmail.ac.uk>
cogscogs--ucl@googlegroups.com <cogs--ucl@googlegroups.com>
Colin Wilke <Wilke.Colin@gmail.com>
CompAstro12group@sjsu.edu
Connie Rockosi <crockosi@ucolick.org>
Constance M. Lang <langcm60@fnal.gov>
consult@nersc.gov
contact@bigspirityoga.com
Vincent Costanzo <vcostanzo@bnl.gov>
Costin Caramarcu <caramarc@bnl.gov>
Ricardo Alberto Covarrubias <riccov@illinois.edu>
cpp@physics.nyu.edu
Craig Loomis <cloomis@astro.princeton.edu>
Cristiano Sabiu <c.sabiu@ucl.ac.uk>
Cristina Beldica <cbeldica@ncsa.uiuc.edu>
Cullen H. Blake <cblake@cfa.harvard.edu>
cummings@oddjob.uchicago.edu
Carlos Cunha <ccunha@umich.edu>
cunha@oddjob.uchicago.edu
cupform@nersc.gov
cuphysicsjob@clemson.edu
Curt Williams <Curt@seiu1199nw.org>
curtright <curtright@physics.miami.edu>
cycylolo@verizon.net
D Garoutte <dmg_uss_36@yahoo.com>
Nicholas D' Imperio <dimperio@bnl.gov>
Neal Dalal <dalaln@illinois.edu>
Dan Grin <dgrin@sdss3.physics.lsa.umich.edu>
Dan Marrone <dmarrone@oddjob.uchicago.edu>
Dan McOlvin <dan.mcolvin@nyu.edu>
Dan McOlvin <dpm4@nyu.edu>
Dan Voss <c650485@everest.cclabs.missouri.edu>
Dan Yocum <yocum@fnal.gov>
Daniel Bavolack <daniel.bavolack@verizon.net>
Daniel Bavolack <dbavolack3@hotmail.com>
Daniel Eisenstein <deisenstein@as.arizona.edu>
Daniel Eisenstein <eisenste@as.arizona.edu>
Daniel Eisenstein <eisenste@cmb.as.arizona.edu>
Daniel Entin <entindaniel@yahoo.com>
Daniel Gruen <dgru@sas.upenn.edu>
Daniel Gruen <dgruen@usm.uni-muenchen.de>
Daniel Holz <deholz@cfcp.uchicago.edu>
daniel holz <deholz@kicp.uchicago.edu>
Daniel McOlvin <dan.mcolvin@gmail.com>
Daniel Talsky <danieltalsky@gmail.com>
Daniel Thomas <daniel.thomas@port.ac.uk>
daniel zwanziger <daniel.zwanziger@nyu.edu>
daniel.l.gruen@googlemail.com
Danielle Claus <danielle.claus@live.ca>
Danielle Moustakas <dmoustakas@gmail.com>
Dantong yu <dantongyu@gmail.com>
Dantong Yu <dtyu@bnl.gov>
Darren Adams <dadams@ncsa.uiuc.edu>
Darren DePoy <depoy@astronomy.ohio-state.edu>
Daryl Geller <darsbu@yahoo.com>
Daryl Haggard <dhaggard@astro.washington.edu>
Daryl Haggard <dhaggard@northwestern.edu>
daues@illinois.edu
James W Davenport <jdaven@bnl.gov>
David Bacon <david.bacon@port.ac.uk>
David Bacon <djb@roe.ac.uk>
David Chin <david.w.h.chin@gmail.com>
David E Jaffe <djaffe@bnl.gov>
David E. Johnston <davej@fnal.gov>
David Gehrig <dgehrig@ncsa.uiuc.edu>
David Gerdes <gerdes@umich.edu>
David GRIER <david.grier@nyu.edu>
David Harris <davidharris314@gmail.com>
David johnston <d-johnston@northwestern.edu>
David Johnston <dave31415@gmail.com>
David Kalinowski <djk.tlee.bm@gmail.com>
David Kaplowitz <dkaplo@hotmail.com>
David M. Cooke <cookedm@physics.mcmaster.ca>
David Malakia Pirtskhalava <dmp371@nyu.edu>
David Mark <davidhmark714@gmail.com>
David Murphy <david.murphy@durham.ac.uk>
David Nidever <dln5q@mail.astro.virginia.edu>
David Ressman <davidr@oddjob.uchicago.edu>
David Ressman <davidr@uchicago.edu>
David Schlegel <DJSchlegel@lbl.gov>
David Schlegel <schlegel@astro.princeton.edu>
David Smith <smith@cenbg.in2p3.fr>
David Spergel <dns@astro.princeton.edu>
David Thap <dthap@aslab.com>
David W Hogg <hogg@physics.nyu.edu>
David W. Hogg <david.hogg@nyu.edu>
David Wake <d.a.wake@durham.ac.uk>
David Wake <david.wake@yale.edu>
David Weinberg <dhw@astronomy.ohio-state.edu>
David Weinberg <dhw@ias.edu>
David White <david@tenordavidwhite.com>
David White <downyc@earthlink.net>
David Wittman <dwittman@physics.ucdavis.edu>
DavidCurtin <david.r.curtin@gmail.com>
Dorothy Davis <dorothyd@bnl.gov>
Hooman Davoudiasl <hooman@bnl.gov>
dcurl47 <reply+i-1024852-4023b9a79e0f8e69cacfb7f05db3c33051bc0d85@reply.github.com>
dcurl47 <reply+i-1038810-cb7b99846d27f63ba40240936ce58a8173f3c951@reply.github.com>
dcurl47 <reply+i-1047354-1cce9e998d55ea85b9f70edefc0041521fcc94b2@reply.github.com>
dcurl47 <reply+i-1067526-efffe91193b02dccbe99f2716ee11d68fa01af87@reply.github.com>
dcurl47 <reply+i-1093287-7396e446ff0a978543feee04d09f7dcd9770a5e5@reply.github.com>
dcurl47 <reply+i-1100594-3faf562a91e8aa41685c57cde50ad6df2291074c@reply.github.com>
dcurl47 <reply+i-1299832-cc43399181098051b673748455a9d2f51a539472@reply.github.com>
Deborah Joanne Bard <djbard@slac.stanford.edu>
demesa@physics.nyu.edu
Demitri Muna <demitri.muna@nyu.edu>
Dennis Garoutte <dgaroutte726@yahoo.com>
Derek Homeier <derek@astro.physik.uni-goettingen.de>
des-archive-users@cosmology.illinois.edu
des-clusters <des-clusters@fnal.gov>
des-clusters-lensing@fnal.gov
DES-DM <des-dm@astro.uiuc.edu>
des-lss@fnal.gov
DES-SIM-request@listserv.fnal.gov
des-sim@fnal.gov
DES-SV@fnal.gov
des-wl <des-wl@fnal.gov>
DES-WL-TEST@fnal.gov
des.desjira@gmail.com
deshpande@iitg.ernet.in
design@matterhornnursery.com
DesotellS@ripon.edu
Deven Fafard <dragonluvr22@att.net>
Dhruba Ghimiray <ghimiray@bnl.gov>
dhuether@notes.cc.sunysb.edu
dhuterer@kicp.uchicago.edu
Dimitri Apostol <dimitri.apostol@gmail.com>
Dimitri L Apostol <dimitri.apostol@nyu.edu>
Dinesh Raut <draut2@uiuc.edu>
Dino Bekteevi? <ljetibo@gmail.com>
Discussion of Numerical Python <numpy-discussion@lists.sourceforge.net>
Discussion of Numerical Python <numpy-discussion@scipy.org>
dmcilroy@uidaho.edu
Dmitry Arkhipkin <arkhipkin@bnl.gov>
dneprSL@aol.com
dnews@dessoff.org
dobler@nada.de
Don Petravick <donaldp@ncsa.illinois.edu>
Don Schneider <dps@astro.psu.edu>
Don Smith <donaldas@umich.edu>
Don York <don@oddjob.uchicago.edu>
Donna Kubik <kubik@fnal.gov>
Donnacha Kirk <drgk@star.ucl.ac.uk>
donnachakirk@gmail.com
donnat@andrew.cmu.edu
Jack Donnellan <donnellan@bnl.gov>
Dora Cai <ycai@ncsa.uiuc.edu>
dorisday29@yahoo.com
Dorothea Samtleben <dorothea@oddjob.uchicago.edu>
Dorothea Samtleben <dosamt@nikhef.nl>
Dorothea Samtleben <dsamtleb@mpifr-bonn.mpg.de>
dorothea@cfcp.uchicago.edu
Dorothy Sheldon <dsheldon1@fairpoint.net>
Doug Finkbeiner <dfink@astro.princeton.edu>
Douglas Finkbeiner <dfinkbeiner@cfa.harvard.edu>
Douglas L. Tucker <dtucker@fnal.gov>
Douglas Rudd <drudd@oddjob.uchicago.edu>
dpaul@nersc.gov
dps@xl5.astro.psu.edu
Dragan Huterer <huterer@umich.edu>
drapetti <drapetti@stanford.edu>
DreamyE <E.Stanton@gmail.com>
dscheel@alaskapacific.edu
dsmith4@guilford.edu
Dugan Witherick <d.witherick@ucl.ac.uk>
durellegimenez@msn.com
Dustin Lang <dstn@astro.princeton.edu>
Dustin Lang <dstn@cmu.edu>
Dustin Lang <dstn@cs.toronto.edu>
dz2@nyu.edu
dzaritsky@as.arizona.edu
early.career@science.doe.gov
eberman@mh1.lbl.gov
Ebwl@aol.com
ecataldi@gmail.com
Edd Edmondson <edward.edmondson@port.ac.uk>
Edgar Lansbury <edgar211@aol.com>
Eduardo Cypriano <esc@star.ucl.ac.uk>
Eduardo Rozo <erozo@kicp.uchicago.edu>
Eduardo Rozo <erozo@mps.ohio-state.edu>
Eduardo Rozo <erozo@oddjob.uchicago.edu>
edward baran <ebaran2@optimum.net>
Tim Eifler <eifler.6@osu.edu>
Eileen Braun <ebraun@angelman.org>
Eli Perez <diveryde@hotmail.com>
Eli Rykoff <erykoff@gmail.com>
Eli Rykoff <erykoff@physics.ucsb.edu>
Eli Rykoff <erykoff@slac.stanford.edu>
Eli Rykoff <erykoff@umich.edu>
Eli Rykoff <esrykoff@lbl.gov>
Elisabeth Krause <aelisabeth.krause@gmail.com>
Elisabeth Krause <elisabeth.krause@gmx.de>
Elizabeth Buckley-Geer <buckley@fnal.gov>
Elizabeth Castor <ECASTOR@sd27j.org>
Elliot Gonzalez <egonzalez@atlasmediacorp.com>
Emi Macuaga <emacuaga@atlasmediacorp.com>
Emi Macuaga <emi.macuaga@gmail.com>
Emi Macuaga <mariaemiko@stanfordalumni.org>
emiliano@fnal.gov
Emily Jackson <emilyjacksonmd@gmail.com>
Emily Peterson <emilyrp@gmail.com>
Emily Peterson <emilyrp@umich.edu>
Emmanuel Bertin <bertin@iap.fr>
Catherine A Ennis <cennis@bnl.gov>
Enrique S. Garcia <garcia@bnl.gov>
Éric Aubourg <eric@aubourg.net>
Eric H. Neilsen <neilsen@fnal.gov>
Eric Huff <emhuff@berkeley.edu>
Eric Huff <emhuff@gmail.com>
Eric Suchyta <eric.d.suchyta@gmail.com>
erickeller1@yahoo.com
Erik Bray <embray@stsci.edu>
Erik-Peter Mortensen <eriksresume@msn.com>
Erika Rohrbach <erika_rohrbach@fitnyc.edu>
Erin Sheldon <erin.sheldon.iphone@gmail.com>
Erin Sheldon <erin.sheldon@gmail.com>
Erin Sheldon <erinsresearch@gmail.com>
Erin Sheldon <esheldon@cfcp.uchicago.edu>
Erin Sheldon <esheldon@kicp.uchicago.edu>
Erin Sheldon <sheldon.erin@gmail.com>
Erin Sheldon <sheldon@physics.nyu.edu>
erin.sheldon@hotmail.com
erin.sheldon@yahoo.com
erinsheldon@gmail.com
Ernie Lewis <elewis@bnl.gov>
Michael Ernst <mernst@bnl.gov>
Robert E Ernst <ernst@bnl.gov>
erozo@pacific.mps.ohio-state.edu
esandoz@gmail.com
esandoz@gmail.com
esheldon@cosmo.nyu.edu
esheldon/desdb <desdb@noreply.github.com>
esheldon/desdb <reply+i-12189389-9836bbbf3c684fc226d4540d9ce6008ca061ae51-621661@reply.github.com>
esheldon/desdb <reply+i-12618695-4662f3f121650cd0657b85bfb0320f25f3e30908-621661@reply.github.com>
esheldon/fitsio <fitsio@noreply.github.com>
esheldon/fitsio <reply+i-13212577-53fbf4d0ab23cf90037b883e9ad379b11cdf5c39-621661@reply.github.com>
esheldon/fitsio <reply+i-16180491-b8abb24a399fc32ff98eb90f82453cb3e7a68215-621661@reply.github.com>
EShiner411@aol.com
Eva M Esposito <eve@bnl.gov>
essheldon@aol.com
Ethan A Merritt <merritt@u.washington.edu>
Eugene Lim <eugene.a.lim@gmail.com>
Event listings <physicsweeklybulletin@forums.nyu.edu>
execjob@stsci.edu
Eyal Ari Kazin <eyalkazin@nyu.edu>
Eyal Kazin <eyalkazin@gmail.com>
F. William High <fwhigh@kicp.uchicago.edu>
Fabian Schmidt <fabians@caltech.edu>
Fabian Schmidt <fabians@oddjob.uchicago.edu>
facultysearch@astro.wisc.edu
Faith Golden <f.g.golden@gmail.com>
Faith Golden <Fggcheerio@aol.com>
farrar@physics.nyu.edu
fellowship@cosmo.nyu.edu
Fernando Perez <Fernando.Perez@colorado.edu>
Filipe Abdalla <fba@star.ucl.ac.uk>
Filthy McNasty <amyisrael@earthlink.net>
Finance Temp <finance.temp@iop.org>
FINDLAY J.R. <joseph.findlay@durham.ac.uk>
Leslie G Fishbone <fishbone@bnl.gov>
fluffykitty9@yahoo.com
Liz Flynn <lflynn@bnl.gov>
Susan P Foster <sfoster@bnl.gov>
Francesc Altet <faltet@carabos.com>
Francisco Javier Castander <fjcastander@gmail.com>
Francisco Prada <fprada@iaa.es>
Francisco Shu Kitaura <kitaura@usm.lmu.de>
Frank van den Bosch <frank.vandenbosch@yale.edu>
Frank van den Bosch <vdbosch@mpia-hd.mpg.de>
Frank van den Bosch <vdbosch@physics.utah.edu>
James S Frank <frank@bnl.gov>
Franz Bauer <feb@astro.columbia.edu>
Friar Tuck <thegoodfriar@gmail.com>
frieman@fmal.gov
fsc@kiaa.pku.edu.cn
Fung James <jfung@bnl.gov>
garouttes@keinet.net
garouttes@mo-net.com
Gary Bernstein <garyb@higgs.hep.upenn.edu>
Gary Bernstein <garyb@physics.upenn.edu>
Gary Kilper <garyk@rice.edu>
Gary Kushner <kushner@lbl.gov>
Gary Ruderman <sdsspio@aol.com>
garyb@sas.upenn.edu
gawiser@physics.rutgers.edu
gazta@ieec.uab.es
Bridget T Geib <geib@bnl.gov>
Margaret Whitney Gelman <mgelman2@illinois.edu>
Gene Van Buren <gene@bnl.gov>
Genevieve Graves <graves@astro.berkeley.edu>
George Sterman <george.sterman@stonybrook.edu>
George Sterman <sterman@max2.physics.sunysb.edu>
Georgie Tolle <gatolle@ucdavis.edu>
Gerald McCaffrey <geraldmccaffrey@gmail.com>
Gerry Good <gjgood@hotmail.com>
Erin Gettler <egettler@bnl.gov>
gfavole <gfavole@iaa.es>
gfavole@eaa.es
gfsubmission@stsci.edu
Doon L Gibbs <gibbs@bnl.gov>
Gilad Perez <perez@max2.physics.sunysb.edu>
Gillian Glasser <gglasser@arsenalcapital.com>
Gina Washburn <gmw1228@aol.com>
giraffles@msn.com
Glenna Dunn <glenna.c.dunn@gmail.com>
Glennys Farrar <gf25@nyu.edu>
glesperance1@cogeco.ca
gnats@astro.princeton.edu
Gordon Richards <gtr@physics.drexel.edu>
Gordon Richards <richards@oddjob.uchicago.edu>
Howard A Gordon <gordon@bnl.gov>
graham@susqu.edu
Graziano Rossi <graziano@kias.re.kr>
Greg Daues <daues@ncsa.uiuc.edu>
Greg Daues <gdaues@gmail.com>
Greg Schwarz <gschwarz@mcmaster.ca>
Gregory Gabadadze <gg32@nyu.edu>
Gretchen Van Doren <gretchen@apo.nmsu.edu>
grisa@physics.nyu.edu
grmurray@optonline.net
Robert A Gruendl <gruendl@illinois.edu>
gruzinov@physics.nyu.edu
gsview@ghostgum.com.au
Guangtun Benjamin Zhu <hadumall@gmail.com>
Xiaofeng Guo <xguo@bnl.gov>
Gus Evrard <evrard@umich.edu>
guyatbay@aol.com
habib@lanl.gov
John Haggerty <haggerty@bnl.gov>
Elaine Han <Elaine.Han@deshaw.com>
Philip S Harrington <harringt@bnl.gov>
Hartmut Samtleben <Hartmut.Samtleben@de.ibm.com>
Felicia M Hartsough <felicia@bnl.gov>
Heather Everett <heather.everett@georgesinc.com>
Heather Everett <heathereverett20@gmail.com>
Heather Flaherty <hflaherz@hotmail.com>
Heather Stewart <heather@nyu.edu>
Mary Lynn Heinrich <heinrich@bnl.gov>
Helen Pates <hpates@cfcp.uchicago.edu>
help@aps.org
help@cosmology.illinois.edu
help@stsci.edu
helpdesk@sdss3.org
hflaherz@umich.edu
hfsubmission@stsci.edu
HighC123@aol.com
Hiranya Peiris <hiranya@cfcp.uchicago.edu>
Hiroaki Oyaizu <oyachai@oddjob.uchicago.edu>
Hiroaki Oyaizu <oyachai@uchicago.edu>
Hooman Davoudiasl <hooman@quark.phy.bnl.gov>
Karin S. Horwath <khorwath@slac.stanford.edu>
Houjun Mo <hjmo@astro.umass.edu>
hous-gdfw6-2045547727@craigslist.org
hous-tstsd-2068617339@craigslist.org
hpcs@lbl.gov
Huan Lin <hlin@fnal.gov>
Hubert Lampeitl <Hubert.Lampeitl@port.ac.uk>
Kathleen D Hygom <hygom@bnl.gov>
iain@day-online.org.uk
Ian Bond <I.A.Bond@massey.ac.nz>
Ian McGreer <imcgreer@as.arizona.edu>
Ichi Vazquez <luz118@gmail.com>
Idit Zehavi <izehavi@abacus.astr.cwru.edu>
Idit Zehavi <izehavi@as.arizona.edu>
Ignacy Sawicki <ignacy.sawicki@nyu.edu>
Ilya Ostrovsky <io244@nyu.edu>
inada@ioa.s.u-tokyo.ac.jp
info@cell-phone-accessories-wholesale.com
info@lowanthem.com
info@ynyc.org
Iro Tasitsiomi <iro@uchicago.edu>
Irving.Robbins@mail.csi.cuny.edu
Isabelle Pâris <paris@iap.fr>
Isha R <gcisha@gmail.com>
itcpostdoc@cfa.harvard.edu
itdhelp@bnl.gov
J. Allyn Smith <jasmith@sdss3.physics.lsa.umich.edu>
J. Patrick Henry <henry@ifa.hawaii.edu>
Jacek Becla <becla@slac.stanford.edu>
Jacek Guzik <guzik@feynman.princeton.edu>
Jackie Scoggins <jscoggins@lbl.gov>
Jaclyn Palau <jaclyn.palau@driveclubs.com>
Jacqueline A. Jones <jajones20@verizon.net>
Jacqueline Chen <chenerous@gmail.com>
Jacqueline Chen <Jacqueline_Chen@brown.edu>
Jacqueline Chen <jchen@astro.uni-bonn.de>
Jacqueline Chen <jchen@iapetus.uchicago.edu>
Jacqueline M Downing <jmd4@nyu.edu>
jaguirre@sas.upenn.edu
jamato@colgate.edu
James <my2joke@yahoo.com>
James Ackley <xackley527@yahoo.com>
James Geach <j.e.geach@durham.ac.uk>
James M Taylor <jtaylor2@csc.com>
James Neff <neffj@cofc.edu>
James Sheldon <james449g@gmail.com>
James Sheldon <jtsheldon@mchsi.com>
James Turner <jturner@gemini.edu>
Jan Hartlap <hartlap@astro.uni-bonn.de>
Jan Kratochvil <jank@astro.columbia.edu>
Jan Michael Kratochvil <jank@physics.miami.edu>
Jane Kelly <jane@aspenphys.org>
Jane Lindner <jane@lindnertribe.com>
Jane Lindner <plutolindner@earthlink.net>
Janice Hester <jhester@princeton.edu>
Jasbinder Bali <jsbali@gmail.com>
Jason Deibel <jason.deibel@wright.edu>
Jason Deibel <jdeibel@rice.edu>
Jason Nettleton <Jnettleton@worldnet.att.net>
Jay Flatt <jay.flatt@nyu.edu>
jb53@evansville.edu
jbloom@astro.berkeley.edu
jcberry@jcberry.com
jchen@oddjob.uchicago.edu
jcohn@astro.berkeley.edu
jdunkley@astro.princeton.edu
Jean-Francois Pratte <jfpratte@bnl.gov>
Jean-Marc Le Goff <jmlegoff@cea.fr>
Jean-Paul Kneib <jean-paul.kneib@epfl.ch>
Jean-Paul Kneib <jean-paul.kneib@oamp.fr>
Jed Meltzer <meltzerj@nidcd.nih.gov>
jeeves <jeevesny@gmail.com>
Jeffrey Kantor <JKantor@lsst.org>
Jeffrey Newman <janewman@lbl.gov>
Jeffrey Rotunno <jrotunno@competitiontoyota.com>
Jeffrey Whitaker <jswhit@fastmail.fm>
jeffrey.a.newman@gmail.com
jeg@astro.princeton.edu
Jen Adelmann <jen_a@fnal.gov>
Jenn Cumpson <jcumpson@hotmail.com>
Jennifer Belyea Fiander <sleepyasmom@yahoo.ca>
Jennifer Brousard <lepur@umich.edu>
Jennifer Buckley <jbuckley@bakerlaw.com>
Jennifer Buckley <jenbuckley@sbcglobal.net>
Jennifer Deibel <jendeibel@gmail.com>
Jennifer Kile <jenkile@quark.phy.bnl.gov>
Jennifer Larson <JLarso2@lsuhsc.edu>
Jennifer Mattheis <mattheis@physics.ucdavis.edu>
Jennifer Roth <hecticred@gmail.com>
jennifer@jenniferbates.org
Jeremy Green <jeremy2000usa@yahoo.com>
Jeremy Reinholt <jeremyreinholt@yahoo.com>
Jeremy Tinker <jlt12@nyu.edu>
Jeremy Tinker <jltinker@gmail.com>
Jeremy Tinker <tinker@berkeley.edu>
Jeremy Tinker <tinker@cfcp.uchicago.edu>
Jerome LAURET <jlauret@bnl.gov>
Jerome Sauvage <jerome.sauvage@us.calyon.com>
Jérôme Sauvage <stavroguine@gmail.com>
Jesse Bishop <jbishop@whrc.org>
Jessica Ann Kirkpatrick <berkeleyjess@gmail.com>
Jessica Ann Kirkpatrick <kirkpatrick@berkeley.edu>
Jessica Pits <jessica_pitts@hotmail.com>
Jessica Schultz <scorpica.j28@gmail.com>
jfelton@bellsouth.com
jge@astro.ufl.edu
jhennawi@astron.berkeley.edu
Jia Liu <liuxx479@gmail.com>
Jiangang Hao <jghao@fnal.gov>
Jiangang Hao <jghao@umich.edu>
Jiaxin Han <hanjiaxin@gmail.com>
jiaxin.han@durham.ac.uk
Jill Caiazzo <caiazzoj@aol.com>
Jillian Redfern <jaredfern2@gmail.com>
Jim Annis <annis@fnal.gov>
Jim Bosch <jbosch@astro.princeton.edu>
Jim Rich <rich@cea.fr>
jimenezsnyder@yahoo.com
Jin Yamamoto <jinyam@microsoft.com>
Jin Yamamoto <jxyama@gmail.com>
jlfelton@bellsouth.net
jmohr@usm.lmu.de
jmsmith@oddjob.uchicago.edu
Jo Bovy <bovy@ias.edu>
Jo Bovy <jb2777@nyu.edu>
Jo Bovy <jo.bovy@gmail.com>
Jo Bovy <Jo.Bovy@nyu.edu>
joanne cohn <jcohn@berkeley.edu>
Joaquin Vieira <vieira@caltech.edu>
Joaquin Vieira <vieira@uchicago.edu>
joaquinvieira@gmail.com
Jochen Weller <jochen.weller@ucl.ac.uk>
Joe Amato <Jamato@mail.colgate.edu>
Joe Christy <c638640@showme.missouri.edu>
Joe Devoe <devoe@bnl.gov>
Joe Goetz <jgoetz@email.unc.edu>
Joe Hannawi <joeh@berkeley.edu>
Joe Mohr <jmohr@astro.uiuc.edu>
Joe Mohr <jmohr@illinois.edu>
Joe Mohr <jmohr@uiuc.edu>
Joe Zuntz <jaz@astro.ox.ac.uk>
Joe Zuntz <joezuntz@googlemail.com>
Joel Brownstein <joelbrownstein@astro.utah.edu>
Joerg Dietrich <dietrich@usm.lmu.de>
Joerg Dietrich <jorgd@umich.edu>
johannes.s.ritter@gmail.com
John Bialek <jbialek@umich.edu>
John Bochanski <bochansk@astro.washington.edu>
John Bochanski <jjb@mit.edu>
John Bochanski <jjb29@psu.edu>
JOHN DRASKOVIC <draskovic.1@buckeyemail.osu.edu>
John Draskovic <jpd@pacific.mps.ohio-state.edu>
John K. Parejko <john.parejko@yale.edu>
John Kawa <johnkawa@gmail.com>
John Laster <jsl@bnl.gov>
John McCarthy <mccarthy@bnl.gov>
John Moustakas <john.moustakas@gmail.com>
John P Marriner <marriner@fnal.gov>
John Peoples <peop@fnal.gov>
John Peterson <peters11@purdue.edu>
John Tonry <jt@ifa.hawaii.edu>
John Valdes <valdes@oddjob.uchicago.edu>
Jon Alagem <info@trendabl.com>
Jon Thaler <jjt@illinois.edu>
Jonathan Harford <jjh@jonathanharford.com>
Jonathan Pober <jpober@berkeley.edu>
Jonathan Slavin <jslavin@cfa.harvard.edu>
Jonathan Zrake <zrake@nyu.edu>
Jordan Raddick <jordan.raddick@gmail.com>
Jordan Raddick <raddick@jhu.edu>
Jordi Miralda Escude <jordi.miralda@gmail.com>
joris@ster.kuleuven.ac.be
Joseph Clampitt <clampitt@sas.upenn.edu>
Joseph Gelfand <jg168@astro.physics.nyu.edu>
Joseph Hennawi <jfhennawi@lbl.gov>
Joseph Hennawi <jhennawi@astro.princeton.edu>
Joseph Hennawi <joe@mpia-hd.mpg.de>
Joseph Hennawi <joe@mpia.de>
Josh Schroeder <jps@astro.columbia.edu>
Joshua Frieman <frieman@fnal.gov>
Joy Glazener <jgla@claven.gsb.columbia.edu>
Joy Glazener <vg3@columbia.edu>
jpaty@astro.ufl.edu
jpd@mps.ohio-state.edu
JSomary@aol.com
juan cruz estrada vigil <estrada@fnal.gov>
Judith Racusin <jracusin@umich.edu>
Judith Racusin <judith.racusin@nasa.gov>
Judith Racusin <racusin@astro.psu.edu>
Julia Potulova <jpotulova@gmail.com>
Julia Potulova <Ylkgypsy@gmail.com>
JULIA YOUNG <young.1205@buckeyemail.osu.edu>
JULIA YOUNG <young.1205@osu.edu>
Julie Stahmer <jstahmer@engin.umich.edu>
K. Wyatt Merritt <wyatt@fnal.gov>
k.wilson-heyworth@ucl.ac.uk
Tina Kahniashvili <tinatin@phys.ksu.edu>
Kameni De Silva <kameni73@hotmail.com>
Kanchana Weerakoon <kaweerak@mtholyoke.edu>
Karen McNulty Walsh <kmcnulty@bnl.gov>
Karl Fogel <kfogel@red-bean.com>
Karven <kl325@nyu.edu>
Karven Lam <karven.lam@nyu.edu>
Kaspar von Braun <kaspar@astro.lsa.umich.edu>
Kathy Home <victoriangems@comcast.net>
Kathy Romer <Romer@sussex.ac.uk>
Kathy-Anne Brickman <brickman@umich.edu>
kbundy
keiichi@asiaa.sinica.edu.tw
Keith Bechtol <bechtol@stanford.edu>
Keith Goodman <kwgoodman@gmail.com>
Keith Lally <lally@bnl.gov>
Keivan Stassun <keivan.stassun@vanderbilt.edu>
Kelly-Ray MERITT <Kelly-Ray.Meritt@med.va.gov>
Kelly-Ray Meritt <pyx2go@msn.com>
kellys@exchange.bnl.gov
Kelvin Zhao <takingovertheworld@gmail.com>
Ken.Rines@wwu.edu
Keren Fedida <kerenf@astro.princeton.edu>
Deborah A Kerr <dkerr@bnl.gov>
Kevin Bundy <kbundy@astro.berkeley.edu>
Kevin Bundy <kevin.bundy@ipmu.jp>
kevin pointer <kpointer@illinois.edu>
Nishikanta Khandai <nkhandai@bnl.gov>
Khosrow Allaf-Akbari <khosrow@astro.princeton.edu>
kilgore Kilgore <kilgore@bnl.gov>
Kimberley Gavan <kgavan@communitylivingontario.ca>
Kimberly Hiss <kimberlyhiss@yahoo.com>
Kimberly Robinson <singinlondon@yahoo.co.uk>
Kimmy Wu <wwailing@umich.edu>
kirby@bnl.gov
Kirk D Borne <kborne@gmu.edu>
Klaus Honscheid <kh@mps.ohio-state.edu>
Klaus Honscheid <kh@physics.osu.edu>
Klaus Mueller <mueller@cs.stonybrook.edu>
Klaus Mueller <mueller@cs.sunysb.edu>
knowledge.center@isaaa.org
knox@physics.ucdavis.edu
Benjamin Koester <bkoester@umich.edu>
Korbie Killebrew <korbster@gmail.com>
kotov@bnl.gov
koushiappas@het.brown.edu
krines@astro.yale.edu
krines@cfa.harvard.edu
Kris Dunlap <kld@pacific.mps.ohio-state.edu>
Kristen D Seith <kdr1@nyu.edu>
Kristen Menou <kristen@astro.columbia.edu>
Kristian Zarb-Adami <kris.za@gmail.com>
ksk2117@columbia.edu
kts@ras.org.uk
kubo@fnal.gov
Kyle Barbary <kyle@anl.gov>
Kyle Barbary <kylebarbary@gmail.com>
KYLE DAWSON <kdawson@astro.utah.edu>
Kyle Dawson <kdawson@physics.utah.edu>
Kyle Dawson <kdawson1000@gmail.com>
Kyle.cranmer@nyu.edu
l.miller@physics.ox.ac.uk
Lam Hui <lh399@columbia.edu>
Claire A Lamberti <lamberti@bnl.gov>
Lance Miller <l.Miller1@physics.ox.ac.uk>
Omero Landi <olandi@usw.ca>
Lanie Zipoy <lanie.zipoy@gmail.com>
Larry Kirby <lkirby@illyria.uchicago.edu>
LaTeisha Moore <lateisha@gmail.com>
Laura Lyons <laura.lyons@stonybrook.edu>
Laura Rickard <rickard.laura@gmail.com>
Laura Schlachtmeyer <laura.schlachtmeyer@gmail.com>
Laura Schlachtmeyer <laura@theatresource.org>
Laura Sunden <ls134@nyu.edu>
Lauren Anderson <l.sonofanders@gmail.com>
Lauren Anderson <lmanders@astro.washington.edu>
Lauren Grodnicki <grodnick@oddjob.uchicago.edu>
Lauren McArthur <laurenmcarthur@gmail.com>
Lauren Moran <lkmoran422@gmail.com>
Laurence Littenberg <littenbe@bnl.gov>
ldim@yahoo.com
Leah Spieler <leah.spieler@gmail.com>
Leandro Martelli <martelli@on.br>
Lee Carlson <physlc@showme.missouri.edu>
Lee-kai Wang <free.leekai@gmail.com>
Lee-kai Wang <lee-kai@mit.edu>
leech@shao.ac.cn
Leo Zhadanovsky <leozh@uchicago.edu>
Lera Auerbach <leraauerbach@gmail.com>
Lex Pelger <pelger@gmail.com>
lhui@astro.columbia.edu
lhui@oddjob.uchicago.edu
Lidec@aol.com
Lieve Teugels <lieve@uchicago.edu>
liljen.cutie@gmail.com
LINDA VIERA <redbaron16@verizon.net>
Lindsay Bourget <lindsbourg@hotmail.com>
Lindsay King <ljk@ast.cam.ac.uk>
Lindsey <bleeml@uchicago.edu>
Linhua Jiang <ljiang@email.arizona.edu>
linux@rcf.rhic.bnl.gov
Lisa Allen Lybrand <lisa.a.lybrand.iwsv@statefarm.com>
Lisa Trefethen <ltrefeth@gmail.com>
Lisa Voigt <lvoigt@star.ucl.ac.uk>
David Lissauer <lissauer@bnl.gov>
listserv@fnal.gov
litt <litt@home.phy.bnl.gov>
Laurence Littenberg <litt@bnl.gov>
Liz Seubert <lseubert@bnl.gov>
Liz Weis <lweis@brooklyn.cuny.edu>
Lizette_Cruz/payact/CDV@cdvas01.cdv.nyu.edu
lizette.cruz@nyu.edu
Lodge Reservations <Lodge.Reservations@thelodgeresort.com>
Laura-Li Loffredo <laurali@bnl.gov>
Lorelei DeMesa <Lorelei.DeMesa@nyu.edu>
lori.hilt@yale.edu
loris@physast.uga.edu
Louie Strigari <strigari@stanford.edu>
Elaine Lowenstein <elowenst@bnl.gov>
lsst <lsst-bnl-l@bnl.gov>
lsst-bnl-l <lsst-bnl-l@lists.bnl.gov>
Luann O'Boyle <luann@fnal.gov>
Thomas W Ludlam <ludlam@bnl.gov>
Luiz Nicolaci da Costa <ldacosta@on.br>
Lynne Jones <ljones.uw@gmail.com>
m_schellens@users.sourceforge.net
Jody Maddock <jmaddock@bnl.gov>
Maja Bovcon <bovcon@gmail.com>
Manasse Mbonye <mrmsps@rit.edu>
Mandeep S. S. Gill <msgill@astronomy.ohio-state.edu>
Mandi Smaga <Mandi.Smaga@thelodgeresort.com>
Manori Perera <kgunawar@chem.umass.edu>
Marc Manera <manera@nyu.edu>
Marc Mengel <mengel@fnal.gov>
Marc Schellens <mschellens@gmail.com>
marcelle@fnal.gov
Marcello Cacciato <cacciato@phys.huji.ac.il>
Marcos Lima <mvlima@uchicago.edu>
Marcy Capron <marcy@marcymarcy.com>
Maria Atzert <atzert@gmail.com>
Maria Atzert <atzert@uchicago.edu>
Maria Gouskova <gouskova@gmail.com>
María José Veracruz Dólera <mjfisio@hotmail.com>
marina@suso.org
Mario Juric <mjuric@lsst.org>
Mark Krenz <mark@suso.org>
Mark Kudas <mark.kudas@gmail.com>
Mark Subbarao <mark.subbarao@gmail.com>
Mark Subbarao <subbarao@oddjob.uchica\go.edu>
Marla Geha <marla.geha@yale.edu>
Marsha Belford <belford@bnl.gov>
Marshall Perrin <mperrin@ucla.edu>
Martin Centurion <mcenturi@umich.edu>
Martin Kilbinger <martin.kilbinger@universe-cluster.de>
Martin L. Purschke <purschke@bnl.gov>
Martin Makler <martin@cbpf.br>
Martin Makler <martinmakler@gmail.com>
Martin Melchior <martin.melchior@fhnw.ch>
Martin White <mwhite@berkeley.edu>
Martina List <saidwyn@gmail.com>
martit23@aol.com
martyt23@aol.com
Marusa Bradac <marusa@physics.ucsb.edu>
Marusa Bradac <marusa@slac.stanford.edu>
Mary Bishai <mbishai@bnl.gov>
Maryam Modjaz <mmodjaz@gmail.com>
Masaaki Yamato <m_yamato@lbl.gov>
Masao Sako <masao@sas.upenn.edu>
Masataka Fukugita <fukugita@icrr.u-tokyo.ac.jp>
Mathew Syriac M. <mathewsyriac@gmail.com>
Mathew Yeates <myeates@jpl.nasa.gov>
matplotlib-users@lists.sourceforge.net
Matt Callaway <mbcallaw@students.wisc.edu>
Matt Crites <critez@gmail.com>
Matt Crites <mcrites@eecs.umich.edu>
Matt Crites <mcrites@umich.edu>
Matt George <mgeorge@astro.berkeley.edu>
Matt Higgins <matt@quantitativesystems.com>
Matt Taylor <mftaylor@wayne.edu>
mattapena@yahoo.com
Matthew Becker <becker.mr@gmail.com>
Matthew Kleban <mk161@nyu.edu>
Matthew R. Becker <beckermr@uchicago.edu>
Matthew Turk <matthewturk@gmail.com>
Matthew Weis <weisy@umich.edu>
mattiaba@student.ethz.ch
Maura Matlak <maura@mauramatlak.com>
Max Horn <max@quendi.de>
maxbcg2009@umich.edu
Maxim Markevitch <maxim@head.cfa.harvard.edu>
maximo.ave@gmail.com
Morgan May <may@bnl.gov>
mbishof@uchicago.edu
MBK <mbkoszut@yahoo.com>
mcgarry.21@osu.edu
Robert J McGonigle <magoo@bnl.gov>
Michael D McGuigan <mcguigan@bnl.gov>
Jeffrey McMahon <jeffmcm@umich.edu>
Renee McNeil <rjmcneil@bnl.gov>
Cynthia McQuilken <mcquilken@bnl.gov>
me@mandeep.org
Breffni A Medcalf <medcalf@bnl.gov>
Meg Urry <meg.urry@yale.edu>
Meghan Lybrand <meglybrand@gmail.com>
Melanie Simet <melanie.simet@gmail.com>
Melanie Simet <msimet@oddjob.uchicago.edu>
Melissa <melissa.bourne@gmail.com>
Melissa Sezto <melsez@google.com>
Melissa Sheldon <mlsheldon@swbell.net>
Melissa Sheldon <sheldon2_2000@yahoo.com>
members@rccny.org
membership@aas.org
menard@jhu.edu
merritt@astro.rit.edu
Metin Ata <mata@aip.de>
mhunt+physics@marlboro.edu
Michael Blanton <blanton@nyu.edu>
Michael Blanton <mb144@nyu.edu>
Michael Blanton <michael.blanton@gmail.com>
Michael Busha <mbusha@physik.uzh.ch>
Michael Busha <mbusha@stanford.edu>
Michael Droettboom <mdroe@stsci.edu>
Michael Evans <evans@astro.washington.edu>
Michael Hirsch <michael.hirsch@ucl.ac.uk>
Michael Jennings <mej@lbl.gov>
Michael Levi <melevi@lbl.gov>
Michael Madore <michael.madore@aslab.com>
Michael R Blanton <michael.blanton@nyu.edu>
Michael Silberberg <hookahmike@gmail.com>
Michael Strauss <strauss@astro.princeton.edu>
Michael Wood-Vasey <wmwv@pitt.edu>
Michael Zingale <mzingale@mail.astro.sunysb.edu>
michael.blanton@gmail
michal simon <michal.simon@sunysb.edu>
Michele Redi <redi@nyu.edu>
Michele Redi <redi@physics.nyu.edu>
michelel@shubertorg.com
Michelle Gower <mgower@ncsa.uiuc.edu>
mikami hayato <hayato.mikami@gmail.com>
Mike <mjarvis@physics.upenn.edu>
Mike Freemon <mfreemon@ncsa.uiuc.edu>
Mike Gladders <gladders@ociw.edu>
Mike Harmon <mdh266@nyu.edu>
Mike Hudson <mjhudson@uwaterloo.ca>
Mike Jarvis <jarvistriplets@gmail.com>
Mike Jarvis <michael@jarvis.net>
Mike Jarvis <mikejarvis17@gmail.com>
Mike Joffre <joffre@coltrane.uchicago.edu>
Mike Nolta <nolta@cita.utoronto.ca>
Mike Simon <msimon@scotty.ess.sunysb.edu>
Mike Strahley <charlamagne74@yahoo.com>
mikefinlay@optonline.net
Bonnie L Miller <millerb@bnl.gov>
Mimi S. Daitz <msdaitz@rcn.com>
Mirjana Povic <mpovic@iaa.es>
Mirna <mirmarch@yahoo.com>
misawa@bnl.gov
mjohns@illinois.edu
mjohns44@illinois.edu
mjohns44@uiuc.edu
mkuemmel@eso.org
mkuftinec@aim.com
MKuftinec@aol.com
mkuftinec@msn.com
mmacdona@haverford.edu
Moish <moishefriedman@gmail.com>
Moish <moishefriedman@verizon.net>
Moishe Friedman <neuroillogical@gmail.com>
Molly E Swanson <delmonte@mit.edu>
Molly Swanson <molly@star.ucl.ac.uk>
Molly Swanson <mswanson@cfa.harvard.edu>
Mon Myaing <mmyaing@gmail.com>
Mon Myaing <mmyaing@umich.edu>
Monica Cawvey <macawvey@midway.uchicago.edu>
Jacqueline M Mooney <mooney@bnl.gov>
morad masjedi <mm1330@nyu.edu>
Morad Masjedi <morad.masjedi@nyu.edu>
Morgan May <may@phys.columbia.edu>
Wendy Morrin <morrin@bnl.gov>
Melvyn Morris <mmorris@bnl.gov>
moy.easwaran@gmail.com
mputman@astro.columbia.edu
mr144@nyu.edu
msnowboard10@aol.com
mtrevino@cnusd.k12.ca.us
mts@star.ucl.ac.uk
Mulin Ding <md546@nyu.edu>
Mulin Ding <mulin.ding@nyu.edu>
mzm@oddjob.uchicago.edu
N. Seton Handville <shandvi@fnal.gov>
Nacho Sevilla Noarbe <nsevilla@gmail.com>
Nadia <Nadia1387@aol.com>
nadin@nefedor.com
nadinath@hotmail.com
Nancy Cammarota <ncammaro@bnl.gov>
Nancy Finlay <nancyfinlay@optonline.net>
NANCY TEPPER <ntepper@hotmail.com>
Naoki Yoshida <naoki.yoshida@phys.s.u-tokyo.ac.jp>
Nat Butler <nat@astro.berkeley.edu>
Natalia Connolly <nconnoll@hamilton.edu>
Natalie Roe <naroe@lbl.gov>
natashka_gold@yahoo.com
Nathalie Palanque-Delabrouille <nathalie.palanque-delabrouille@cea.fr>
nathanproctor@berkeley.edu
NAYAANTI@sarmc.org
Neal Dalal <neal@ias.edu>
Neal Weiner <neal.weiner.nyu@gmail.com>
Neal Weiner <nw32@nyu.edu>
neal.weiner@nyu.edu
Neelima Sehgal <neelima.sehgal@stonybrook.edu>
NERSC Consulting & Support <nersc@service-now.com>
Neta Bahcall <neta@astro.princeton.edu>
Nevena Arizanovic <narizanovic@operaed.org>
Niall Maccrann <niall.maccrann.12@ucl.ac.uk>
Nic Mokhoff <nicolas.mokhoff@ubm.com>
Nic Mokhoff <nmokhoff@techinsights.com>
Nic Ross <npr@astro.psu.edu>
Nic Ross <npr1@astro.psu.edu>
Nic Ross <npr1@psu.edu>
Nic Ross <npross@lbl.gov>
nic@mail.rccny.org
Nicholas Annichiarico <nicholas.annichiarico@richmond.edu>
Nicholas Earl <nchlsearl@gmail.com>
Nick Kaiser <kaiser@ifa.hawaii.edu>
Nick Mostek <njmostek@lbl.gov>
Nick Statt <nickstatt@yahoo.com>
Nicolas Mokhoff <NMokhoff@cmp.com>
Nicole Johnson <cellonik@gmail.com>
Niel Brandt <niel@astro.psu.edu>
Nikhil Padmanabhan <nikhil.padmanabhan@yale.edu>
Nikhil Padmanabhan <NPadmanabhan@lbl.gov>
nikki.hotvedt@gmail.com
Nikolai Kachanov <nikolai@rccny.org>
Nikolay Kuropatkin <kuropat@fnal.gov>
Nina Bumgarner <ndb2@astro.psu.edu>
ninamiller5@yahoo.com
Niraj Welikala <welikala@bruno.phyast.pitt.edu>
nmokhoff@cmp.com
noah@ynyc.org
Nolan Li <nli@pha.jhu.edu>
Andrei Nomerotski <A.nomerotski@bnl.gov>
nopitz@netscape.net
Nora Detweiler <ndetweiler@bnl.gov>
Not That Dave <ntd@smoochdome.org>
nsuzuki@lbl.gov
nttaylor@golosa.org
numpy-discussion-request@lists.sourceforge.net
O Man <o.man.nyc@gmail.com>
Paul O'Connor <poc@bnl.gov>
ob@belug.org
Oddjob Sys Admin <sysadmin@oddjob.uchicago.edu>
Ofer Lahav <lahav@star.ucl.ac.uk>
Ofer Lahav <o.lahav@ucl.ac.uk>
office@astro.utoronto.ca
Ole Høst <ohost@star.ucl.ac.uk>
Olivier Dore <olivier@cita.utoronto.ca>
Oriol Pujolas <pujolas@ccpp.nyu.edu>
Pablo Fosalba Vela <fosalba@ieec.uab.es>
paige@bnl.gov
Pam Holtz <pam_holtz@hotmail.com>
pamela.bosward@yale.edu
Sabrina L Parrish <sabrina@bnl.gov>
pasearch+cosmo@pitt.edu
Pat Watson <patw@kos.net>
Pathum Mendis <pathum23@yahoo.co.uk>
Patrice {PCNA} Pluto <Patrice.Pluto@pepsi.com>
Patricia Yalden <pyalden@bnl.gov>
Patrick Hagerty <hagerty@umich.edu>
Patrick Hagerty <iglubrious@gmail.com>
Patrick Hall <phall@yorku.ca>
Patrick McDonald <pmcdonal@cita.utoronto.ca>
Patrick McDonald <pvmcdonald@lbl.gov>
Patrick Meade <patrick.r.meade@gmail.com>
Patrick Petitjean <ppetitje@iap.fr>
PATsearch@phys.case.edu
paul harding <paul.harding@case.edu>
Paul Martini <martini@astronomy.ohio-state.edu>
Paul Matthew Sutter <sutter@iap.fr>
Paul Ray <paul.ray@nrl.navy.mil>
Paul Sorensen <paul.kokusz@gmail.com>
Paul Stankus <paul.w.stankus@gmail.com>
Paul Stankus <stankuspw@ornl.gov>
Peter Paul <ppaul@bnl.gov>
Paula Johnson <paula@aspenphys.org>
Pauline Lee <pauline.lee@nyu.edu>
pduda@ncsa.uiuc.edu
Lee Pearce <lpearce@bnl.gov>
Brett Pearson <pearsonb@dickinson.edu>
Peder Norberg <iprn@roe.ac.uk>
William D. Pence <William.D.Pence@nasa.gov>
Gilad -- Gilad Perez Perez <gilad.perez@stonybrook.edu>
Perry Greenfield <perry@stsci.edu>
Peter Melchior <melchior.12@osu.edu>
Peter Melchior <peter.m.melchior@gmail.com>
Peter Nugent <penugent@lbl.gov>
Petr Kubánek <petr@iaa.es>
Donald L Petravick <petravic@illinois.edu>
Peter Petreczky <petreczk@quark.phy.bnl.gov>
pfreeman@cmu.edu Freeman <pfreeman@cmu.edu>
pgsql-general@postgresql.org
pguyot@kallisys.net
Phil Fischer <philippe_fischer2000@yahoo.ca>
Phil Marshall <dr.phil.marshall@gmail.com>
Phil Yock <p.yock@xtra.co.nz>
philip <philip@livenet.ac.uk>
Philip McCarthy <phildillny@yahoo.com>
Philip Snyder <philipjsnyder@earthlink.net>
Philippe Fischer <philippe_fischer@scotiacapital.com>
Philippe LeCavalier <support@plecavalier.com>
phsxfacsearch <phsxfacsearch@ku.edu>
phys-ofssupload@sharepoint.umich.edu
physics_search071@brown.edu
physics@sfsu.edu
physics@wsu.edu
Physicschair@bnl.gov
physicssearch@alfred.edu
Pierre GM <pgmdevlist@gmail.com>
pieter.vandokkum@yale.edu
plazas@bnl.gov
Marc-Andre Pleier <mpleier@bnl.gov>
pnac-tsm@lanl.gov
PodBelts <pod@podbelt.com>
post@posterous.com
postapp08_rec_letter@astro.princeton.edu
postapp09_rec_letter@astro.princeton.edu
Maxim Potekhin <potekhin@bnl.gov>
prl@aps.org
proustpa@gmail.com
Laura J Provolt <ljp14@pitt.edu>
PyGreSQL Development <pygresql@vex.net>
rabernst <rabernst@umich.edu>
Rachel Mandelbaum <rmandelb@andrew.cmu.edu>
Rachel Mandelbaum <rmandelb@astro.princeton.edu>
Rachel Mandelbaum <rmandelb@ias.edu>
rae <raeklein@gmail.com>
Rahul Biswas <rbiswas4@gmail.com>
Raj Sivanandarajah <siva@nyu.edu>
Randy Landsberg <randy@oddjob.uchicago.edu>
Tejas Rao <raot@bnl.gov>
Raul Jimenez <raulj@physics.upenn.edu>
Ravi Sheth <shethrk@physics.upenn.edu>
Rebecca Bernstein <rab@ucolick.org>
Rebecca Jane Stanton <rjs19@columbia.edu>
Rebecca Stanek <rebecca.stanek@gmail.com>
redmapper <redmapper@kipac.stanford.edu>
Reidar Hahn <rhahn@fnal.gov>
Reinabelle Reyes <rreyes@astro.princeton.edu>
Reply to Comment <c+20hnrcq000000dey9ir0m00168xo85b2z000000dey9ir0000000000001i31i@reply.facebook.com>
Reply to Comment <c+216ub62000000dey9ir2s000051ejauvf000000dey9ir000000002k981i01i@reply.facebook.com>
Reply to Comment <c+21sgexw000000dey9ir0m0013xacmr9rc000000dey9ir0000000000001i91i@reply.facebook.com>
Reply to Comment <c+22pc1td000000dey9ir2s00005197do5v000000dey9ir000000t05xmf1hz1i@reply.facebook.com>
Ricardo Ogando <ogando@linea.gov.br>
Ricardo Ogando <ogando@on.br>
Rich James <james.rich@cea.fr>
Rich Kron <rich@oddjob.uchicago.edu>
Richard Crowe <rcrowe@hubble.uhh.hawaii.edu>
Richard Easther <richard.easther@yale.edu>
Richard Hogue <rhogue@bnl.gov>
Richard McMahon <rgm@ast.cam.ac.uk>
Richard Scalzo <richard.scalzo@yale.edu>
Rick Kessler <kessler@kicp.uchicago.edu>
Rick Wagener <wagener@bnl.gov>
riemann-users <riemann-users@mh1.lbl.gov>
Risa H. Wechsler <risa@slac.stanford.edu>
Risa Wechsler <risa@uchicago.edu>
Risa Wechsler <rwechsler@stanford.edu>
Rishi Rakesh Sinha <rsinha@uiuc.edu>
Rita Kim <rita@astro.princeton.edu>
Rita Tojeiro <Rita.Tojeiro@port.ac.uk>
rjoschi@yahoo.com
rmunoz@astro.princeton.edu
Robert Cahn <rncahn@lbl.gov>
Robert Cumming <robert@astro.su.se>
Robert da Silva <rdasilva.astro@gmail.com>
Robert Gruendl <gruendl@astro.illinois.edu>
Robert Hickey <rsh26@cornell.edu>
Robert J. Brunner <bigdog@illinois.edu>
Robert Jedicke <rjedicke@gmail.com>
Robert Kern <robert.kern@gmail.com>
Robert Lupton <rhl@astro.princeton.edu>
Robert M Roser <roser@fnal.gov>
Rollin Thomas <rcthomas@lbl.gov>
Roman Scoccimarro <rs123@nyu.edu>
Rongying Ronin Wu <ryw208@nyu.edu>
Ross <ross@borogoves.org>
Ross Berbeco <berb@umich.edu>
Ross Berbeco <ross@berbeco.com>
Ross Phelps <ross@irisink.com>
Rouven Essig <rouven.essig@stonybrook.edu>
Rouven Essig <rouvenessig@gmail.com>
Eduardo Rozo <erozo@slac.stanford.edu>
rspencer5@cogeco.ca
RT-RACF-UserAccounts@bnl.gov
RT-RACF@bnl.gov
Donna Rubino <rubino2@bnl.gov>
Russian Chamber Chorus of New York <info@rccny.org>
Russian Chamber Chorus of New York <rccny.org@gmail.com>
rwechsler@mycingular.blackberry.net
ryan augustine <weldlite@hotmail.com>
Ryan Keisler <rkeisler@gmail.com>
Ryan Riegel <rriegs@gmail.com>
Ryan Scott <turbo@nothnbut.net>
Ryan Scranton <ryan.scranton@gmail.com>
Ryan Scranton <scranton@bruno.phyast.pitt.edu>
Ryan Scranton <scranton@google.com>
Sabrina Stierwalt <sabrina@astro.cornell.edu>
Saikat Pal <spal@du.edu>
Sajjan Mehta <guest01@ast.cam.ac.uk>
Sajjan Singh Mehta <ssm53@drexel.edu>
Michael Salamon <Michael.Salamon@science.doe.gov>
Sally Dawson <dawson@bnl.gov>
Sally Dawson <sallydawsonbnl@gmail.com>
Sally Smith <sally.j.smith@gmail.com>
Salman Habib <habib@anl.gov>
Sarah <blush12@sprintmail.com>
Sarah Bridle <sarah.bridle@ucl.ac.uk>
Sarah Bridle <sarah@sarahbridle.net>
Sarah Bridle <sarah@star.ucl.ac.uk>
Sarah Hansen <shansen@oddjob.uchicago.edu>
Sarah Hansen <shansen@ucolick.org>
Sarah Jane Compton <sarah.compton@yale.edu>
Sarah Lybrand <slybrand@atlasmediacorp.com>
Sarah Lybrand <slybrand@yahoo-inc.com>
Sarah Lybrand <slyburner@gmail.com>
Sarah Nettleton <sarahnettleton@hotmail.com>
Sarah Schatz <sarah@sarahspetservices.com>
Sarah Schmidt <sjschmidt@astro.washington.edu>
Sarah Shandera <shandera@gmail.com>
Sarah Tepler <s.k.tepler@gmail.com>
Saroj Vasantha Kandasamy <saroj@bnl.gov>
Sasha Koren <sasha@sashakoren.com>
Satu Rautaharju <satu_rautaharju@yahoo.com>
Saurav Dhital <sauravdhital@gmail.com>
Helen Savage <hsavage@bnl.gov>
sbridle@sarahbridle.net
sc123@cosmo.nyu.edu
Schiminovich David <ds@astro.columbia.edu>
schlachtmeyr@earthlink.net
Scientific Cluster Support <scs@lbl.gov>
scikit-learn/scikit-learn <reply+i-10425493-de81cebe6679a43976af5bf1d574532b9de588e1-621661@reply.github.com>
scikit-learn/scikit-learn <scikit-learn@noreply.github.com>
SciPy Developers List <scipy-dev@scipy.org>
SciPy Users List <scipy-user@scipy.org>
scipy-dev@scipy.net
sco_ish_keely@yahoo.com
scoccima@physics.nyu.edu
Scott Dodelson <dodelson@canis.fnal.gov>
Scott Dodelson <dodelson@fnal.gov>
Scott Garvey <Scott.Garvey@aas.org>
Scott Ransom <sransom@nrao.edu>
sdss-admin@fnal.gov
sdss-archive <sdss-archive@astro.princeton.edu>
sdss-general@astro.princeton.edu
sdss-helpdesk@fnal.gov
SDSS-III Python <sdss3-python@sdss3.org>
sdss-weaklens@astro.princeton.edu
SDSS3 Archive <sdss3-archive@sdss3.org>
sdss3-cas@pha.jhu.edu
sdss3-drill <sdss3-drill@sdss3.org>
sdss3-general@sdss3.org
sdss3-imaging@sdss3.org
sdss3-infrastructure Infrastructure <sdss3-infrastructure@sdss3.org>
sdss3-qsos <sdss3-qsos@sdss3.org>
Sean Stidd <sean.stidd@juno.com>
Sebastian Seehars <seehars@phys.ethz.ch>
Sebastian.Pueblas@pnysics.nyu.edu
Sergey Panitkin <panitkin@bnl.gov>
Seth <spvolley@aol.com>
Seth Pollock <seth.pollock@gmail.com>
Seth Pollock <Seth.Pollock@gmail.com>
Seth Pollock <Seth.Pollock@gmail.com>
Seth Pollock <Seth.Pollock@gmail.com>
Seth Pollock <Seth.Pollock@gmail.com>
Shane Walsh <swalsh@mso.anu.edu.au>
SHANKS T. <tom.shanks@durham.ac.uk>
Shantanu Desai <shantanu@astro.uiuc.edu>
Shantanu Desai <shantanu@illinois.edu>
Shantanu Desai <shantanu@usm.lmu.de>
shantimadre@yahoo.com
Sharon Jones <sjones@as.arizona.edu>
Shawn Sheldon <mssheldon_2000@yahoo.com>
Shee123la@optonline.net
Sheila <swenger@angelman.org>
Erin Sheldon <esheldon@bnl.gov>
Sherri <sherrif912@yahoo.com>
shethrk@sas.upenn.edu
Shinie Perez <shinieperez@yahoo.com>
Shirley Chiang <chiang@physics.ucdavis.edu>
Shirley Ho <cwho@lbl.gov>
Shirley Ho <shirley@astro.princeton.edu>
Shirley Ho <shirleyh@andrew.cmu.edu>
Shirley Ho <shirleysurelyho@gmail.com>
Shogo MASAKI <shogo.masaki@nagoya-u.jp>
ShortysGMa@aol.com
Simon Burton <simon@arrowtheory.com>
Simon DeDeo <simon@kicp.uchicago.edu>
Simon Krughoff <krughoff@astro.washington.edu>
Simon Krughoff <simon@bruno.phyast.pitt.edu>
Simon White <swhite@mpa-garching.mpg.de>
singhronnie11@yahoo.com
Manodeep Sinha <manodeep.sinha@vanderbilt.edu>
Michael Sivertz <sivertz@bnl.gov>
skyotewest@googlegroups.com
Leonard A Slatest <slatest@bnl.gov>
slutterbie@notes.cc.sunysb.edu
sly <slybrand@gmail.com>
Smalls <smalliegirl@gmail.com>
smash <smash@smoochdome.org>
John Smedley <smedley@bnl.gov>
Smiffy <fiesta169@fiesta169.karoo.co.uk>
Kelly Smith <kellys@bnl.gov>
smoochdome08@yahoogroups.com
snsrecs@ias.edu
Kendra Snyder <ksnyder@bnl.gov>
Barbara Soeyadi <bsoeyadi@bnl.gov>
soni@bnl.gov
sonnyv@hughes.net
Sophia FAIVUSH <sfaivush@mtahq.org>
Sophie Timberlake <sophie.timberlake@beglobalstaff.biz>
Souheil Inati <souheil.inati@nyu.edu>
Spatch <burningspatch@gmail.com>
Spencer Chang <sc123@astro.physics.nyu.edu>
srazon@logolization.com
Srinivasan Rajivelu <srinivasanrajivelu@gmail.com>
David R Stampf <drs@bnl.gov>
Stan M. Hammond <shammond@whrc.org>
Stanislav Jaracz <jaraczs@yahoo.com>
stankus@bnl.gov
stankus@mail.phy.ornl.gov
stankus@orph01.phy.ornl.gov
Stefan Hilbert <shilbert@astro.uni-bonn.de>
Stefanie Phleps <sphleps@mpe.mpg.de>
Stephen Bailey <stephenbailey@lbl.gov>
Stephen Kent <skent@fnal.gov>
Steven Kahn <skahn@slac.stanford.edu>
James Stewart <stewart@bnl.gov>
James Stone <James.Stone@science.doe.gov>
Stuart L. Marshall <marshall@slac.stanford.edu>
stupidstuff@mailinator.com
subbarao@oddjob.uchicago.edu
Suchetana Chatterjee <schatte1@uwyo.edu>
Suchetana Chatterjee <suc25+@pitt.edu>
Sue Beckford <sue_beckford@yahoo.com>
Sue Sheldon <ssheldon@hctc.com>
Sunita Shah <srshah@umich.edu>
sup-talk <sup-talk@rubyforge.org>
supernova-dp@fnal.gov
support-notice@nersc.gov
support@godaddy.com
support@stsci.edu
Surhud More <surhud@kicp.uchicago.edu>
Susan Addy <susan.e.addy@gmail.com>
Susan Amrose <susan.amrose@gmail.com>
Susan Garoutte <sgaroutte_726@yahoo.com>
Susan James <sjames@lbl.gov>
Suzanne Hawley <slh@astro.washington.edu>
Adam Sypniewski <ajsyp@umich.edu>
szalay@jhu.edu
Takashi Buma <takbuma@gmail.com>
Takemi Okamoto <tokamoto@oddjob.uchicago.edu>
Talia Weiss <talia.weiss@comcast.net>
Tamara Kachanov <tamara@rccny.org>
Tamara Kachanov <tk7@columbia.edu>
Tamas Budavari <budavari@jhu.edu>
Tamas Budavari <budavari@pha.jhu.edu>
Tanweer Alam <talam@ncsa.uiuc.edu>
Tao Qian <tqian@sas.upenn.edu>
Tara Anderson <tanderson@wfuv.org>
Tara Anderson <taranyc@gmail.com>
Gregory Tarle <gtarle@umich.edu>
Taro Sato <taro@ap.smu.ca>
techsupport@aslab.com
Ted Bunn <ebunn@richmond.edu>
terri@astro.umass.edu
Terry Erickson <terickson@fnal.gov>
Terry Healy <thealy@bnl.gov>
Tesla Jeltema <tesla@ociw.edu>
AS2 Large Scale Structure survey. <sdss3-boss@sdss3.org>
Theodore S. Kisner <tskisner@lbl.gov>
Thera Clark <Theraclark@earthlink.net>
Thomas Appelquist <thomas.appelquist@yale.edu>
Thomas Diehl <diehl@fnal.gov>
Thomas Throwe <throwe@bnl.gov>
thomas.obrien@iop.org
Michael Thorn <mthorn@bnl.gov>
Thushara Perera <perera@astro.umass.edu>
Thushara Perera <perera@cfcp.uchicago.edu>
Tiffany Miles <tmiles@kicp.uchicago.edu>
Tim Axelrod <taxelrod@gmail.com>
Tim Beers <beers@pa.msu.edu>
Tim Eifler <teifler@mps.ohio-state.edu>
Tim Eifler <timeifler@gmail.com>
Tim Mckay <tamckay@umich.edu>
Tim Olding <tro@physics.queensu.ca>
Jacqueline G Timko <timko@bnl.gov>
Tina Wells <tmwells@umich.edu>
Vladimir Tishchenko <vtishchenko@bnl.gov>
Todd Tomashek <tomashek@illinois.edu>
Todd Tomashek <tomashek@ncsa.uiuc.edu>
Tom Crawford <tcrawfor@pots.uchicago.edu>
Tom Downes <tpdownes@uchicago.edu>
Tom Jones <tjones@ittvis.com>
Tom Weisflog <tweisflog@comcast.net>
Tomasz Kacprzak <tomasz.kacprzak.09@ucl.ac.uk>
Tommaso Zillio <tommaso.zillio@gmail.com>
Tommy <levi@physics.nyu.edu>
Tommy Levi <tl34@nyu.edu>
Tommy Levi <tslevi@gmail.com>
Tony Darnell <tdarnell@illinois.edu>
Tony Darnell <tdarnell@uiuc.edu>
Tony Tyson <tyson@physics.ucdavis.edu>
Tony W. Chan <tony@bnl.gov>
tqnguyen <tqnguyen@umich.edu>
Tracy Fogel <tfogel@gmail.com>
Tracy Gillan <tracygillan@gmail.com>
transportable photo ops <sdss-photoop@astro.princeton.edu>
Travis Oliphant <oliphant.travis@ieee.org>
Travis Oliphant <oliphant@ee.byu.edu>
Travis Shrey <shrey@bnl.gov>
Troy Hacker <hacker3@astro.illinois.edu>
Kathy Turner <Kathy.Turner@science.doe.gov>
turner.harshini@kendle.com
Tyler Read <tyman492@gmail.com>
Ultimate-l@lists.bnl.gov
UNSUBSCRIBE_US@oracle.com
UofMsdssClusters@ctools.umich.edu
uofmsdssclusters@umich.edu
Uros Seljak <uros@feynman.princeton.edu>
uros seljak <useljak@princeton.edu>
useraccts@rcf.rhic.bnl.gov
vaangelman@aol.com
Vaishali Bhardwaj <vaishali@astro.washington.edu>
Vaishali Bhardwaj <vaishali@uclink.berkeley.edu>
Valeri Galtsev <galtsev@kicp.uchicago.edu>
Valeri Galtsev <galtsev@oddjob.uchicago.edu>
vasil golodinskii <vasyatkotuba@yahoo.com>
Veljko Radeka <radeka@bnl.gov>
Vid Iri? <vid.irsic@gmail.com>
Steven Vigdor <vigdor@bnl.gov>
Vinu Vikram <vvinuv@gmail.com>
Brett Viren <bviren@bnl.gov>
Vladimir Eberman <VVEberman@lbl.gov>
w2copy@nyu.edu
waldo mackay <mackay@bnl.gov>
waldo mackay <waldo@bnl.gov>
Wayne Barkhouse <wbark@astro.uiuc.edu>
Wayne Hu <whu@background.uchicago.edu>
Wayne Landsman <landsman@mpb.gsfc.nasa.gov>
Wayne Landsman <Wayne.B.Landsman@nasa.gov>
Wayne Landsman <Wayne.Landsman@gsfc.nasa.gov>
wayne.barkhouse@und.nodak.edu
webmaster@physics.nyu.edu
David Weinberg <weinberg.21@osu.edu>
Weiqun Zhang <wz7@nyu.edu>
Lawrence Weller <lweller@mta-esa.org>
Lawrence Weller <LWELLER@mtacc-esa.info>
Wendy Diller <wldiller@yahoo.com>
wentaol@astro.umass.edu
Will Percival <will.percival@port.ac.uk>
William O'Mullane <womullan@sciops.esa.int>
William Pence <William.Pence@nasa.gov>
William Strecker-Kellogg <willsk@bnl.gov>
WKlauss@aol.com
wlacascia@notes.cc.sunysb.edu
Wolfgang Kerzendorf <wkerzendorf@gmail.com>
Wolfgang Voges <wvoges@mpe.mpg.de>
Przemek Wozniak <wozniak@lanl.gov>
wprteam@press.uchicago.edu
wvanstev@eml.doe.gov
wyattford@gmail.com
Xiaohui Fan <fan@as.arizona.edu>
xiu@phys.columbia.edu
Yunxia Xu <yxu@illinois.edu>
Yavonne McGarry <mcgarry@mps.ohio-state.edu>
ycai@ncsi.uiuc.edu
Yeche Christophe <christophe.yeche@cea.fr>
Yeche Christophe <christophe.yeche@gmail.com>
Yeche Christophe <yeche@hep.saclay.cea.fr>
Yen-Ting Lin <yen-ting.lin@ipmu.jp>
Yen-Ting Lin <ytl@asiaa.sinica.edu.tw>
Ying Zu <yingzu@astronomy.ohio-state.edu>
yingyang_13@hotmail.com
YouTube Service <service@youtube.com>
ytlin@astro.princeton.edu
Winnie Yu <whyu@bnl.gov>
yuen@astro.utoronto.ca
yuliagypsy@gmail.com
yulonda.brown@coopersquare.com
Yuri Fisyak <fisyak@bnl.gov>
zack hagan <zhagan@gmail.com>
Ze'ev Surujon <zeevix@gmail.com>
Zeljko Ivezic <ivezic@astro.washington.edu>
Yuanyuan Zhang <ynzhang@umich.edu>
zhanna27@hotmail.com
Zhaoming Ma <dr.firefly@gmail.com>
Zhaoming Ma <mazh@sas.upenn.edu>
Zhaoming Ma <mzm@bnl.gov>
Zheng Zheng <zhengz@ias.edu>
Zoltan Haiman <zoltan@astro.columbia.edu>
Elaine D Zukowski <zukowski@bnl.gov>
